timestamp,rr,sr,count,mrt,tc
1611811260,100,100,301,42,388b83e4b434a13b679b0bad237fb5fabe1a0c54
1611811200,100,100,"2,221",40,388b83e4b434a13b679b0bad237fb5fabe1a0c54
1611811140,100,100,"2,242",39,388b83e4b434a13b679b0bad237fb5fabe1a0c54
1611811080,100,100,"2,251",38,388b83e4b434a13b679b0bad237fb5fabe1a0c54
1611811020,100,100,"2,163",43,388b83e4b434a13b679b0bad237fb5fabe1a0c54
1611810960,100,100,"2,252",38,388b83e4b434a13b679b0bad237fb5fabe1a0c54
1611810900,100,100,"2,188",42,388b83e4b434a13b679b0bad237fb5fabe1a0c54
1611810840,100,100,"2,114",40,388b83e4b434a13b679b0bad237fb5fabe1a0c54
1611810780,100,100,"2,254",38,388b83e4b434a13b679b0bad237fb5fabe1a0c54
1611810720,100,100,359,11,aaa51527e6254b04dd1d25004e6da3e6db651e4e
1611810720,100,100,"2,207",41,388b83e4b434a13b679b0bad237fb5fabe1a0c54
1611810660,100,100,"3,302",10,aaa51527e6254b04dd1d25004e6da3e6db651e4e
1611810660,100,100,"2,235",39,388b83e4b434a13b679b0bad237fb5fabe1a0c54
1611810600,100,100,"3,248",10,aaa51527e6254b04dd1d25004e6da3e6db651e4e
1611810600,100,100,"2,274",38,388b83e4b434a13b679b0bad237fb5fabe1a0c54
1611810540,100,100,"3,258",11,aaa51527e6254b04dd1d25004e6da3e6db651e4e
1611810540,100,100,"2,223",41,388b83e4b434a13b679b0bad237fb5fabe1a0c54
1611810480,100,100,"3,289",10,aaa51527e6254b04dd1d25004e6da3e6db651e4e
1611810480,100,100,"2,249",39,388b83e4b434a13b679b0bad237fb5fabe1a0c54
1611810420,100,100,"3,281",10,aaa51527e6254b04dd1d25004e6da3e6db651e4e
1611810420,100,100,"2,250",39,388b83e4b434a13b679b0bad237fb5fabe1a0c54
1611810360,100,100,"3,266",11,aaa51527e6254b04dd1d25004e6da3e6db651e4e
1611810360,100,100,"2,254",38,388b83e4b434a13b679b0bad237fb5fabe1a0c54
1611810300,100,100,"3,272",10,aaa51527e6254b04dd1d25004e6da3e6db651e4e
1611810300,100,100,"2,221",40,388b83e4b434a13b679b0bad237fb5fabe1a0c54
1611810240,100,100,"2,258",38,388b83e4b434a13b679b0bad237fb5fabe1a0c54
1611810240,100,100,"3,256",10,aaa51527e6254b04dd1d25004e6da3e6db651e4e
1611810180,100,100,"3,175",11,aaa51527e6254b04dd1d25004e6da3e6db651e4e
1611810180,100,100,"2,162",40,388b83e4b434a13b679b0bad237fb5fabe1a0c54
1611810180,100,100,414,12,f952e21004726cf7d2b2c5aa400a566e2b2a6aae
1611810120,100,100,"3,253",11,aaa51527e6254b04dd1d25004e6da3e6db651e4e
1611810120,100,100,"3,370",13,f952e21004726cf7d2b2c5aa400a566e2b2a6aae
1611810120,100,100,"2,158",43,388b83e4b434a13b679b0bad237fb5fabe1a0c54
1611810060,100,100,"3,309",12,f952e21004726cf7d2b2c5aa400a566e2b2a6aae
1611810060,100,100,"2,141",42,388b83e4b434a13b679b0bad237fb5fabe1a0c54
1611810060,100,100,"3,206",11,aaa51527e6254b04dd1d25004e6da3e6db651e4e
1611810000,100,100,"3,241",11,aaa51527e6254b04dd1d25004e6da3e6db651e4e
1611810000,100,100,"3,379",12,f952e21004726cf7d2b2c5aa400a566e2b2a6aae
1611810000,100,100,"2,210",41,388b83e4b434a13b679b0bad237fb5fabe1a0c54
1611809940,100,100,"3,251",11,aaa51527e6254b04dd1d25004e6da3e6db651e4e
1611809940,100,100,"2,169",42,388b83e4b434a13b679b0bad237fb5fabe1a0c54
1611809940,100,100,"3,362",13,f952e21004726cf7d2b2c5aa400a566e2b2a6aae
1611809880,100,100,"3,382",12,f952e21004726cf7d2b2c5aa400a566e2b2a6aae
1611809880,100,100,"3,290",10,aaa51527e6254b04dd1d25004e6da3e6db651e4e
1611809880,100,100,"2,214",41,388b83e4b434a13b679b0bad237fb5fabe1a0c54
1611809820,100,100,"3,254",11,aaa51527e6254b04dd1d25004e6da3e6db651e4e
1611809820,100,100,"3,379",12,f952e21004726cf7d2b2c5aa400a566e2b2a6aae
1611809820,100,100,"2,200",41,388b83e4b434a13b679b0bad237fb5fabe1a0c54
1611809760,100,100,"3,364",12,f952e21004726cf7d2b2c5aa400a566e2b2a6aae
1611809760,100,100,"3,291",11,aaa51527e6254b04dd1d25004e6da3e6db651e4e
1611809760,100,100,"2,195",41,388b83e4b434a13b679b0bad237fb5fabe1a0c54
1611809700,100,100,"3,377",12,f952e21004726cf7d2b2c5aa400a566e2b2a6aae
1611809700,100,100,"2,204",42,388b83e4b434a13b679b0bad237fb5fabe1a0c54
1611809700,100,100,"3,241",11,aaa51527e6254b04dd1d25004e6da3e6db651e4e
1611809640,100,100,"3,143",11,aaa51527e6254b04dd1d25004e6da3e6db651e4e
1611809640,100,100,"3,247",12,f952e21004726cf7d2b2c5aa400a566e2b2a6aae
1611809640,100,100,"2,109",41,388b83e4b434a13b679b0bad237fb5fabe1a0c54
1611809580,100,100,"3,371",12,f952e21004726cf7d2b2c5aa400a566e2b2a6aae
1611809580,100,100,"3,261",11,aaa51527e6254b04dd1d25004e6da3e6db651e4e
1611809580,100,100,"2,188",42,388b83e4b434a13b679b0bad237fb5fabe1a0c54
1611809520,100,100,"3,274",11,aaa51527e6254b04dd1d25004e6da3e6db651e4e
1611809520,100,100,"2,175",42,388b83e4b434a13b679b0bad237fb5fabe1a0c54
1611809520,100,100,"3,373",13,f952e21004726cf7d2b2c5aa400a566e2b2a6aae
1611809460,100,100,"3,384",12,f952e21004726cf7d2b2c5aa400a566e2b2a6aae
1611809460,100,100,"2,195",42,388b83e4b434a13b679b0bad237fb5fabe1a0c54
1611809460,100,100,"3,283",11,aaa51527e6254b04dd1d25004e6da3e6db651e4e
1611809400,100,100,"3,362",12,f952e21004726cf7d2b2c5aa400a566e2b2a6aae
1611809400,100,100,"2,208",41,388b83e4b434a13b679b0bad237fb5fabe1a0c54
1611809400,100,100,"3,250",11,aaa51527e6254b04dd1d25004e6da3e6db651e4e
1611809340,100,100,"3,382",13,f952e21004726cf7d2b2c5aa400a566e2b2a6aae
1611809340,100,100,"2,211",40,388b83e4b434a13b679b0bad237fb5fabe1a0c54
1611809340,100,100,"3,256",11,aaa51527e6254b04dd1d25004e6da3e6db651e4e
1611809280,100,100,"3,214",11,aaa51527e6254b04dd1d25004e6da3e6db651e4e
1611809280,100,100,"2,129",41,388b83e4b434a13b679b0bad237fb5fabe1a0c54
1611809280,100,100,"3,272",13,f952e21004726cf7d2b2c5aa400a566e2b2a6aae
1611809220,100,100,"2,200",41,388b83e4b434a13b679b0bad237fb5fabe1a0c54
1611809220,100,100,"3,272",11,aaa51527e6254b04dd1d25004e6da3e6db651e4e
1611809220,100,100,"3,380",12,f952e21004726cf7d2b2c5aa400a566e2b2a6aae
1611809160,100,100,"3,378",12,f952e21004726cf7d2b2c5aa400a566e2b2a6aae
1611809160,100,100,"2,221",40,388b83e4b434a13b679b0bad237fb5fabe1a0c54
1611809160,100,100,"3,290",10,aaa51527e6254b04dd1d25004e6da3e6db651e4e
1611809100,100,100,"3,248",12,f952e21004726cf7d2b2c5aa400a566e2b2a6aae
1611809100,100,100,"2,116",41,388b83e4b434a13b679b0bad237fb5fabe1a0c54
1611809100,100,100,"3,111",10,aaa51527e6254b04dd1d25004e6da3e6db651e4e
1611809040,100,100,"2,171",42,388b83e4b434a13b679b0bad237fb5fabe1a0c54
1611809040,100,100,"3,372",13,f952e21004726cf7d2b2c5aa400a566e2b2a6aae
1611809040,100,100,"3,261",11,aaa51527e6254b04dd1d25004e6da3e6db651e4e
1611808980,100,100,"3,379",12,f952e21004726cf7d2b2c5aa400a566e2b2a6aae
1611808980,100,100,"2,202",41,388b83e4b434a13b679b0bad237fb5fabe1a0c54
1611808980,100,100,"3,261",11,aaa51527e6254b04dd1d25004e6da3e6db651e4e
1611808920,100,100,"2,177",42,388b83e4b434a13b679b0bad237fb5fabe1a0c54
1611808920,100,100,"3,366",12,f952e21004726cf7d2b2c5aa400a566e2b2a6aae
1611808920,100,100,"3,262",11,aaa51527e6254b04dd1d25004e6da3e6db651e4e
1611808860,100,100,"3,381",13,f952e21004726cf7d2b2c5aa400a566e2b2a6aae
1611808860,100,100,"3,264",11,aaa51527e6254b04dd1d25004e6da3e6db651e4e
1611808860,100,100,"3,061",43,388b83e4b434a13b679b0bad237fb5fabe1a0c54
1611808800,100,100,"3,147",42,388b83e4b434a13b679b0bad237fb5fabe1a0c54
1611808800,100,100,"3,273",11,aaa51527e6254b04dd1d25004e6da3e6db651e4e
1611808800,100,100,"3,369",12,f952e21004726cf7d2b2c5aa400a566e2b2a6aae
1611808740,100,100,"3,281",13,f952e21004726cf7d2b2c5aa400a566e2b2a6aae
1611808740,100,100,"3,135",11,aaa51527e6254b04dd1d25004e6da3e6db651e4e
1611808740,100,100,"3,032",43,388b83e4b434a13b679b0bad237fb5fabe1a0c54
1611808680,100,100,"3,337",12,f952e21004726cf7d2b2c5aa400a566e2b2a6aae
1611808680,100,100,"3,214",11,aaa51527e6254b04dd1d25004e6da3e6db651e4e
1611808680,100,100,"3,091",43,388b83e4b434a13b679b0bad237fb5fabe1a0c54
1611808620,100,100,"3,385",13,f952e21004726cf7d2b2c5aa400a566e2b2a6aae
1611808620,100,100,"3,279",11,aaa51527e6254b04dd1d25004e6da3e6db651e4e
1611808620,100,100,"3,139",42,388b83e4b434a13b679b0bad237fb5fabe1a0c54
1611808560,100,100,"3,227",11,aaa51527e6254b04dd1d25004e6da3e6db651e4e
1611808560,100,100,"3,379",13,f952e21004726cf7d2b2c5aa400a566e2b2a6aae
1611808560,100,100,"3,133",43,388b83e4b434a13b679b0bad237fb5fabe1a0c54
1611808500,100,100,"3,266",11,aaa51527e6254b04dd1d25004e6da3e6db651e4e
1611808500,100,100,"3,377",12,f952e21004726cf7d2b2c5aa400a566e2b2a6aae
1611808500,100,100,"3,161",42,388b83e4b434a13b679b0bad237fb5fabe1a0c54
1611808440,100,100,"3,159",42,388b83e4b434a13b679b0bad237fb5fabe1a0c54
1611808440,100,100,"3,378",12,f952e21004726cf7d2b2c5aa400a566e2b2a6aae
1611808440,100,100,"3,275",11,aaa51527e6254b04dd1d25004e6da3e6db651e4e
1611808380,100,100,"3,125",43,388b83e4b434a13b679b0bad237fb5fabe1a0c54
1611808380,100,100,"3,378",13,f952e21004726cf7d2b2c5aa400a566e2b2a6aae
1611808380,100,100,"3,233",11,aaa51527e6254b04dd1d25004e6da3e6db651e4e
1611808320,100,100,"3,356",13,f952e21004726cf7d2b2c5aa400a566e2b2a6aae
1611808320,100,100,"3,235",11,aaa51527e6254b04dd1d25004e6da3e6db651e4e
1611808320,100,100,"3,086",43,388b83e4b434a13b679b0bad237fb5fabe1a0c54
1611808260,100,100,"3,374",13,f952e21004726cf7d2b2c5aa400a566e2b2a6aae
1611808260,99,99,"3,078",44,388b83e4b434a13b679b0bad237fb5fabe1a0c54
1611808260,100,100,"5,182",11,aaa51527e6254b04dd1d25004e6da3e6db651e4e
1611808200,100,100,"3,149",13,f952e21004726cf7d2b2c5aa400a566e2b2a6aae
1611808200,100,100,"2,906",43,388b83e4b434a13b679b0bad237fb5fabe1a0c54
1611808200,100,100,"5,174",11,aaa51527e6254b04dd1d25004e6da3e6db651e4e
1611808140,100,100,"3,054",44,388b83e4b434a13b679b0bad237fb5fabe1a0c54
1611808140,100,100,"5,258",11,aaa51527e6254b04dd1d25004e6da3e6db651e4e
1611808140,100,100,"3,345",13,f952e21004726cf7d2b2c5aa400a566e2b2a6aae
1611808080,100,100,"5,326",11,aaa51527e6254b04dd1d25004e6da3e6db651e4e
1611808080,100,100,"3,094",44,388b83e4b434a13b679b0bad237fb5fabe1a0c54
1611808080,100,100,"3,370",13,f952e21004726cf7d2b2c5aa400a566e2b2a6aae
1611808020,100,100,"3,105",44,388b83e4b434a13b679b0bad237fb5fabe1a0c54
1611808020,100,100,"3,377",13,f952e21004726cf7d2b2c5aa400a566e2b2a6aae
1611808020,100,100,"5,353",11,aaa51527e6254b04dd1d25004e6da3e6db651e4e
1611807960,100,100,"3,009",43,388b83e4b434a13b679b0bad237fb5fabe1a0c54
1611807960,100,100,"3,274",13,f952e21004726cf7d2b2c5aa400a566e2b2a6aae
1611807960,100,100,"5,193",11,aaa51527e6254b04dd1d25004e6da3e6db651e4e
1611807900,100,100,"5,351",11,aaa51527e6254b04dd1d25004e6da3e6db651e4e
1611807900,100,100,"3,349",13,f952e21004726cf7d2b2c5aa400a566e2b2a6aae
1611807900,100,100,"3,070",43,388b83e4b434a13b679b0bad237fb5fabe1a0c54
1611807840,100,100,"5,308",11,aaa51527e6254b04dd1d25004e6da3e6db651e4e
1611807840,100,100,"3,099",44,388b83e4b434a13b679b0bad237fb5fabe1a0c54
1611807840,100,100,"3,374",13,f952e21004726cf7d2b2c5aa400a566e2b2a6aae
1611807780,100,100,"3,134",43,388b83e4b434a13b679b0bad237fb5fabe1a0c54
1611807780,100,100,"3,388",12,f952e21004726cf7d2b2c5aa400a566e2b2a6aae
1611807780,100,100,"5,399",11,aaa51527e6254b04dd1d25004e6da3e6db651e4e
1611807720,100,100,"3,347",13,f952e21004726cf7d2b2c5aa400a566e2b2a6aae
1611807720,100,100,"3,080",44,388b83e4b434a13b679b0bad237fb5fabe1a0c54
1611807720,100,100,"5,371",11,aaa51527e6254b04dd1d25004e6da3e6db651e4e
1611807660,100,100,"3,211",12,aaa51527e6254b04dd1d25004e6da3e6db651e4e
1611807660,100,100,"2,512",43,388b83e4b434a13b679b0bad237fb5fabe1a0c54
1611807660,100,100,"3,227",13,f952e21004726cf7d2b2c5aa400a566e2b2a6aae
1611807600,100,100,"4,022",44,388b83e4b434a13b679b0bad237fb5fabe1a0c54
1611807600,100,100,"3,374",13,f952e21004726cf7d2b2c5aa400a566e2b2a6aae
1611807600,100,100,"3,263",11,aaa51527e6254b04dd1d25004e6da3e6db651e4e
1611807540,100,100,"3,954",44,388b83e4b434a13b679b0bad237fb5fabe1a0c54
1611807540,100,100,"3,359",13,f952e21004726cf7d2b2c5aa400a566e2b2a6aae
1611807540,100,100,"3,214",12,aaa51527e6254b04dd1d25004e6da3e6db651e4e
1611807480,100,100,"3,378",13,f952e21004726cf7d2b2c5aa400a566e2b2a6aae
1611807480,100,100,"4,009",43,388b83e4b434a13b679b0bad237fb5fabe1a0c54
1611807480,100,100,"3,246",11,aaa51527e6254b04dd1d25004e6da3e6db651e4e
1611807420,100,100,"3,995",44,388b83e4b434a13b679b0bad237fb5fabe1a0c54
1611807420,100,100,"3,373",13,f952e21004726cf7d2b2c5aa400a566e2b2a6aae
1611807420,100,100,"3,253",11,aaa51527e6254b04dd1d25004e6da3e6db651e4e
1611807360,100,100,"3,834",13,f952e21004726cf7d2b2c5aa400a566e2b2a6aae
1611807360,100,100,"3,115",11,aaa51527e6254b04dd1d25004e6da3e6db651e4e
1611807360,100,100,"3,791",45,388b83e4b434a13b679b0bad237fb5fabe1a0c54
1611807300,100,100,"6,246",13,f952e21004726cf7d2b2c5aa400a566e2b2a6aae
1611807300,100,100,"3,216",12,aaa51527e6254b04dd1d25004e6da3e6db651e4e
1611807300,100,100,"3,809",47,388b83e4b434a13b679b0bad237fb5fabe1a0c54
1611807240,100,100,"3,669",47,388b83e4b434a13b679b0bad237fb5fabe1a0c54
1611807240,100,100,"5,949",14,f952e21004726cf7d2b2c5aa400a566e2b2a6aae
1611807240,100,100,"3,088",12,aaa51527e6254b04dd1d25004e6da3e6db651e4e
1611807180,100,100,"3,819",47,388b83e4b434a13b679b0bad237fb5fabe1a0c54
1611807180,100,100,"6,232",13,f952e21004726cf7d2b2c5aa400a566e2b2a6aae
1611807180,100,100,"3,222",12,aaa51527e6254b04dd1d25004e6da3e6db651e4e
1611807120,100,100,"3,217",12,aaa51527e6254b04dd1d25004e6da3e6db651e4e
1611807120,100,100,"6,228",13,f952e21004726cf7d2b2c5aa400a566e2b2a6aae
1611807120,100,100,"3,811",47,388b83e4b434a13b679b0bad237fb5fabe1a0c54
1611807060,100,100,"3,918",12,aaa51527e6254b04dd1d25004e6da3e6db651e4e
1611807060,100,100,"3,799",47,388b83e4b434a13b679b0bad237fb5fabe1a0c54
1611807060,100,100,"6,156",14,f952e21004726cf7d2b2c5aa400a566e2b2a6aae
1611807000,100,100,"6,040",14,f952e21004726cf7d2b2c5aa400a566e2b2a6aae
1611807000,100,100,"6,855",12,aaa51527e6254b04dd1d25004e6da3e6db651e4e
1611807000,100,100,"3,659",50,388b83e4b434a13b679b0bad237fb5fabe1a0c54
1611806940,100,100,"6,036",14,f952e21004726cf7d2b2c5aa400a566e2b2a6aae
1611806940,100,100,"3,692",50,388b83e4b434a13b679b0bad237fb5fabe1a0c54
1611806940,100,100,"6,874",12,aaa51527e6254b04dd1d25004e6da3e6db651e4e
1611806880,100,100,"3,481",52,388b83e4b434a13b679b0bad237fb5fabe1a0c54
1611806880,100,100,"6,631",12,aaa51527e6254b04dd1d25004e6da3e6db651e4e
1611806880,100,100,"5,714",15,f952e21004726cf7d2b2c5aa400a566e2b2a6aae
1611806820,100,100,"3,633",50,388b83e4b434a13b679b0bad237fb5fabe1a0c54
1611806820,100,100,"6,639",12,aaa51527e6254b04dd1d25004e6da3e6db651e4e
1611806820,100,100,"5,957",14,f952e21004726cf7d2b2c5aa400a566e2b2a6aae
1611806760,100,100,"5,917",15,f952e21004726cf7d2b2c5aa400a566e2b2a6aae
1611806760,100,100,"6,591",13,aaa51527e6254b04dd1d25004e6da3e6db651e4e
1611806760,100,100,"3,606",51,388b83e4b434a13b679b0bad237fb5fabe1a0c54
1611806700,100,100,"3,350",51,388b83e4b434a13b679b0bad237fb5fabe1a0c54
1611806700,100,100,"5,554",14,f952e21004726cf7d2b2c5aa400a566e2b2a6aae
1611806700,100,100,"6,236",12,aaa51527e6254b04dd1d25004e6da3e6db651e4e
1611806640,100,100,"5,915",15,f952e21004726cf7d2b2c5aa400a566e2b2a6aae
1611806640,100,100,"3,579",51,388b83e4b434a13b679b0bad237fb5fabe1a0c54
1611806640,100,100,"6,677",12,aaa51527e6254b04dd1d25004e6da3e6db651e4e
1611806580,100,100,"3,629",51,388b83e4b434a13b679b0bad237fb5fabe1a0c54
1611806580,100,100,"6,702",12,aaa51527e6254b04dd1d25004e6da3e6db651e4e
1611806580,100,100,"5,960",14,f952e21004726cf7d2b2c5aa400a566e2b2a6aae
1611806520,100,100,"5,985",14,f952e21004726cf7d2b2c5aa400a566e2b2a6aae
1611806520,100,100,"6,734",12,aaa51527e6254b04dd1d25004e6da3e6db651e4e
1611806520,100,100,"3,615",51,388b83e4b434a13b679b0bad237fb5fabe1a0c54
1611806460,100,100,"5,898",15,f952e21004726cf7d2b2c5aa400a566e2b2a6aae
1611806460,100,100,"6,682",13,aaa51527e6254b04dd1d25004e6da3e6db651e4e
1611806460,100,100,"3,555",52,388b83e4b434a13b679b0bad237fb5fabe1a0c54
1611806400,100,100,"3,471",51,388b83e4b434a13b679b0bad237fb5fabe1a0c54
1611806400,100,100,"6,557",13,aaa51527e6254b04dd1d25004e6da3e6db651e4e
1611806400,100,100,"5,741",14,f952e21004726cf7d2b2c5aa400a566e2b2a6aae
1611820800,100,100,"3,375",13,f952e21004726cf7d2b2c5aa400a566e2b2a6aae
1611820800,100,100,"3,981",44,388b83e4b434a13b679b0bad237fb5fabe1a0c54
1611820800,100,100,"3,255",11,aaa51527e6254b04dd1d25004e6da3e6db651e4e
1611820740,100,100,"3,262",13,f952e21004726cf7d2b2c5aa400a566e2b2a6aae
1611820740,100,100,"3,141",11,aaa51527e6254b04dd1d25004e6da3e6db651e4e
1611820740,100,100,"3,842",44,388b83e4b434a13b679b0bad237fb5fabe1a0c54
1611820680,100,100,"3,231",11,aaa51527e6254b04dd1d25004e6da3e6db651e4e
1611820680,100,100,"3,992",44,388b83e4b434a13b679b0bad237fb5fabe1a0c54
1611820680,100,100,"3,348",13,f952e21004726cf7d2b2c5aa400a566e2b2a6aae
1611820620,100,100,"3,973",44,388b83e4b434a13b679b0bad237fb5fabe1a0c54
1611820620,100,100,"3,373",13,f952e21004726cf7d2b2c5aa400a566e2b2a6aae
1611820620,100,100,"3,238",12,aaa51527e6254b04dd1d25004e6da3e6db651e4e
1611820560,100,100,"3,252",11,aaa51527e6254b04dd1d25004e6da3e6db651e4e
1611820560,100,100,"3,807",13,f952e21004726cf7d2b2c5aa400a566e2b2a6aae
1611820560,100,100,"3,941",44,388b83e4b434a13b679b0bad237fb5fabe1a0c54
1611820500,100,100,"3,257",12,aaa51527e6254b04dd1d25004e6da3e6db651e4e
1611820500,100,100,"3,907",46,388b83e4b434a13b679b0bad237fb5fabe1a0c54
1611820500,100,100,"4,190",13,f952e21004726cf7d2b2c5aa400a566e2b2a6aae
1611820440,100,100,"3,860",46,388b83e4b434a13b679b0bad237fb5fabe1a0c54
1611820440,100,100,"4,183",14,f952e21004726cf7d2b2c5aa400a566e2b2a6aae
1611820440,100,100,"3,196",12,aaa51527e6254b04dd1d25004e6da3e6db651e4e
1611820380,100,100,"4,222",13,f952e21004726cf7d2b2c5aa400a566e2b2a6aae
1611820380,100,100,"3,257",11,aaa51527e6254b04dd1d25004e6da3e6db651e4e
1611820380,100,100,"3,933",45,388b83e4b434a13b679b0bad237fb5fabe1a0c54
1611820320,100,100,"3,960",44,388b83e4b434a13b679b0bad237fb5fabe1a0c54
1611820320,100,100,"3,237",11,aaa51527e6254b04dd1d25004e6da3e6db651e4e
1611820320,100,100,"4,206",13,f952e21004726cf7d2b2c5aa400a566e2b2a6aae
1611820260,100,100,"3,889",45,388b83e4b434a13b679b0bad237fb5fabe1a0c54
1611820260,100,100,"4,207",13,f952e21004726cf7d2b2c5aa400a566e2b2a6aae
1611820260,100,100,"3,554",12,aaa51527e6254b04dd1d25004e6da3e6db651e4e
1611820200,100,100,"4,072",13,f952e21004726cf7d2b2c5aa400a566e2b2a6aae
1611820200,100,100,"3,800",45,388b83e4b434a13b679b0bad237fb5fabe1a0c54
1611820200,100,100,"3,676",11,aaa51527e6254b04dd1d25004e6da3e6db651e4e
1611820140,99,99,"3,825",46,388b83e4b434a13b679b0bad237fb5fabe1a0c54
1611820140,100,100,"3,694",12,aaa51527e6254b04dd1d25004e6da3e6db651e4e
1611820140,100,100,"4,156",14,f952e21004726cf7d2b2c5aa400a566e2b2a6aae
1611820080,100,100,"3,937",45,388b83e4b434a13b679b0bad237fb5fabe1a0c54
1611820080,100,100,"3,790",11,aaa51527e6254b04dd1d25004e6da3e6db651e4e
1611820080,100,100,"4,216",13,f952e21004726cf7d2b2c5aa400a566e2b2a6aae
1611820020,100,100,"4,073",13,f952e21004726cf7d2b2c5aa400a566e2b2a6aae
1611820020,100,100,"3,776",46,388b83e4b434a13b679b0bad237fb5fabe1a0c54
1611820020,100,100,"3,665",11,aaa51527e6254b04dd1d25004e6da3e6db651e4e
1611819960,100,100,"3,721",12,aaa51527e6254b04dd1d25004e6da3e6db651e4e
1611819960,100,100,"3,847",46,388b83e4b434a13b679b0bad237fb5fabe1a0c54
1611819960,100,100,"4,157",14,f952e21004726cf7d2b2c5aa400a566e2b2a6aae
1611819900,100,100,"3,778",11,aaa51527e6254b04dd1d25004e6da3e6db651e4e
1611819900,100,100,"3,896",46,388b83e4b434a13b679b0bad237fb5fabe1a0c54
1611819900,100,100,"4,192",13,f952e21004726cf7d2b2c5aa400a566e2b2a6aae
1611819840,100,100,"3,889",46,388b83e4b434a13b679b0bad237fb5fabe1a0c54
1611819840,100,100,"4,182",14,f952e21004726cf7d2b2c5aa400a566e2b2a6aae
1611819840,100,100,"3,748",12,aaa51527e6254b04dd1d25004e6da3e6db651e4e
1611819780,100,100,"3,793",11,aaa51527e6254b04dd1d25004e6da3e6db651e4e
1611819780,100,100,"4,212",13,f952e21004726cf7d2b2c5aa400a566e2b2a6aae
1611819780,100,100,"3,907",45,388b83e4b434a13b679b0bad237fb5fabe1a0c54
1611819720,100,100,"4,208",13,f952e21004726cf7d2b2c5aa400a566e2b2a6aae
1611819720,100,100,"3,761",12,aaa51527e6254b04dd1d25004e6da3e6db651e4e
1611819720,100,100,"3,890",46,388b83e4b434a13b679b0bad237fb5fabe1a0c54
1611819660,100,100,"3,900",45,388b83e4b434a13b679b0bad237fb5fabe1a0c54
1611819660,100,100,"3,759",12,aaa51527e6254b04dd1d25004e6da3e6db651e4e
1611819660,100,100,"4,183",14,f952e21004726cf7d2b2c5aa400a566e2b2a6aae
1611819600,100,100,"3,773",12,aaa51527e6254b04dd1d25004e6da3e6db651e4e
1611819600,100,100,"4,201",13,f952e21004726cf7d2b2c5aa400a566e2b2a6aae
1611819600,100,100,"3,914",45,388b83e4b434a13b679b0bad237fb5fabe1a0c54
1611819540,100,100,"3,738",12,aaa51527e6254b04dd1d25004e6da3e6db651e4e
1611819540,100,100,"3,833",46,388b83e4b434a13b679b0bad237fb5fabe1a0c54
1611819540,100,100,"4,152",14,f952e21004726cf7d2b2c5aa400a566e2b2a6aae
1611819480,100,100,"3,771",12,aaa51527e6254b04dd1d25004e6da3e6db651e4e
1611819480,100,100,"4,200",13,f952e21004726cf7d2b2c5aa400a566e2b2a6aae
1611819480,100,100,"3,916",45,388b83e4b434a13b679b0bad237fb5fabe1a0c54
1611819420,100,100,"4,086",13,f952e21004726cf7d2b2c5aa400a566e2b2a6aae
1611819420,100,100,"3,664",12,aaa51527e6254b04dd1d25004e6da3e6db651e4e
1611819420,100,100,"3,825",45,388b83e4b434a13b679b0bad237fb5fabe1a0c54
1611819360,100,100,"4,023",13,f952e21004726cf7d2b2c5aa400a566e2b2a6aae
1611819360,100,100,"3,619",12,aaa51527e6254b04dd1d25004e6da3e6db651e4e
1611819360,100,100,"3,753",45,388b83e4b434a13b679b0bad237fb5fabe1a0c54
1611819300,100,100,"3,764",45,388b83e4b434a13b679b0bad237fb5fabe1a0c54
1611819300,100,100,"4,030",14,f952e21004726cf7d2b2c5aa400a566e2b2a6aae
1611819300,100,100,"3,655",13,aaa51527e6254b04dd1d25004e6da3e6db651e4e
1611819240,100,100,"4,204",14,f952e21004726cf7d2b2c5aa400a566e2b2a6aae
1611819240,100,100,"3,763",12,aaa51527e6254b04dd1d25004e6da3e6db651e4e
1611819240,100,100,"3,863",46,388b83e4b434a13b679b0bad237fb5fabe1a0c54
1611819180,100,100,"3,775",12,aaa51527e6254b04dd1d25004e6da3e6db651e4e
1611819180,100,100,"4,186",13,f952e21004726cf7d2b2c5aa400a566e2b2a6aae
1611819180,100,100,"3,862",46,388b83e4b434a13b679b0bad237fb5fabe1a0c54
1611819120,100,100,"3,777",11,aaa51527e6254b04dd1d25004e6da3e6db651e4e
1611819120,100,100,"3,932",45,388b83e4b434a13b679b0bad237fb5fabe1a0c54
1611819120,100,100,"4,204",13,f952e21004726cf7d2b2c5aa400a566e2b2a6aae
1611819060,100,100,"4,208",13,f952e21004726cf7d2b2c5aa400a566e2b2a6aae
1611819060,100,100,"3,904",45,388b83e4b434a13b679b0bad237fb5fabe1a0c54
1611819060,100,100,"3,636",11,aaa51527e6254b04dd1d25004e6da3e6db651e4e
1611819000,100,100,"3,971",44,388b83e4b434a13b679b0bad237fb5fabe1a0c54
1611819000,100,100,"3,508",12,aaa51527e6254b04dd1d25004e6da3e6db651e4e
1611819000,100,100,"4,210",13,f952e21004726cf7d2b2c5aa400a566e2b2a6aae
1611818940,100,100,"4,200",13,f952e21004726cf7d2b2c5aa400a566e2b2a6aae
1611818940,100,100,"3,503",12,aaa51527e6254b04dd1d25004e6da3e6db651e4e
1611818940,100,100,"3,868",46,388b83e4b434a13b679b0bad237fb5fabe1a0c54
1611818880,100,100,"4,204",13,f952e21004726cf7d2b2c5aa400a566e2b2a6aae
1611818880,100,100,"3,519",11,aaa51527e6254b04dd1d25004e6da3e6db651e4e
1611818880,100,100,"3,911",45,388b83e4b434a13b679b0bad237fb5fabe1a0c54
1611818820,100,100,"4,205",13,f952e21004726cf7d2b2c5aa400a566e2b2a6aae
1611818820,100,100,"3,514",11,aaa51527e6254b04dd1d25004e6da3e6db651e4e
1611818820,100,100,"3,926",45,388b83e4b434a13b679b0bad237fb5fabe1a0c54
1611818760,100,100,"4,182",13,f952e21004726cf7d2b2c5aa400a566e2b2a6aae
1611818760,100,100,"3,878",45,388b83e4b434a13b679b0bad237fb5fabe1a0c54
1611818760,100,100,"3,485",12,aaa51527e6254b04dd1d25004e6da3e6db651e4e
1611818700,100,100,"3,810",45,388b83e4b434a13b679b0bad237fb5fabe1a0c54
1611818700,100,100,"4,083",13,f952e21004726cf7d2b2c5aa400a566e2b2a6aae
1611818700,100,100,"3,412",11,aaa51527e6254b04dd1d25004e6da3e6db651e4e
1611818640,100,100,"3,917",13,f952e21004726cf7d2b2c5aa400a566e2b2a6aae
1611818640,100,100,"3,303",11,aaa51527e6254b04dd1d25004e6da3e6db651e4e
1611818640,100,100,"3,636",45,388b83e4b434a13b679b0bad237fb5fabe1a0c54
1611818580,100,100,"4,137",13,f952e21004726cf7d2b2c5aa400a566e2b2a6aae
1611818580,100,100,"3,447",12,aaa51527e6254b04dd1d25004e6da3e6db651e4e
1611818580,100,100,"3,844",46,388b83e4b434a13b679b0bad237fb5fabe1a0c54
1611818520,100,100,"3,929",45,388b83e4b434a13b679b0bad237fb5fabe1a0c54
1611818520,100,100,"3,506",11,aaa51527e6254b04dd1d25004e6da3e6db651e4e
1611818520,100,100,"4,196",13,f952e21004726cf7d2b2c5aa400a566e2b2a6aae
1611818460,100,100,"3,905",45,388b83e4b434a13b679b0bad237fb5fabe1a0c54
1611818460,100,100,"3,977",13,f952e21004726cf7d2b2c5aa400a566e2b2a6aae
1611818460,100,100,"3,494",12,aaa51527e6254b04dd1d25004e6da3e6db651e4e
1611818400,100,100,"3,841",45,388b83e4b434a13b679b0bad237fb5fabe1a0c54
1611818400,100,100,"3,700",13,f952e21004726cf7d2b2c5aa400a566e2b2a6aae
1611818400,100,100,"3,464",11,aaa51527e6254b04dd1d25004e6da3e6db651e4e
1611818340,100,100,"3,992",44,388b83e4b434a13b679b0bad237fb5fabe1a0c54
1611818340,100,100,"3,518",11,aaa51527e6254b04dd1d25004e6da3e6db651e4e
1611818340,100,100,"3,795",13,f952e21004726cf7d2b2c5aa400a566e2b2a6aae
1611818280,100,100,"3,507",11,aaa51527e6254b04dd1d25004e6da3e6db651e4e
1611818280,100,100,"3,785",13,f952e21004726cf7d2b2c5aa400a566e2b2a6aae
1611818280,100,100,"3,941",45,388b83e4b434a13b679b0bad237fb5fabe1a0c54
1611818220,100,100,"3,792",13,f952e21004726cf7d2b2c5aa400a566e2b2a6aae
1611818220,100,100,"3,515",11,aaa51527e6254b04dd1d25004e6da3e6db651e4e
1611818220,100,100,"3,948",45,388b83e4b434a13b679b0bad237fb5fabe1a0c54
1611818160,100,100,"3,916",45,388b83e4b434a13b679b0bad237fb5fabe1a0c54
1611818160,100,100,"3,488",12,aaa51527e6254b04dd1d25004e6da3e6db651e4e
1611818160,100,100,"3,773",13,f952e21004726cf7d2b2c5aa400a566e2b2a6aae
1611818100,100,100,"3,519",11,aaa51527e6254b04dd1d25004e6da3e6db651e4e
1611818100,100,100,"3,793",13,f952e21004726cf7d2b2c5aa400a566e2b2a6aae
1611818100,100,100,"3,965",44,388b83e4b434a13b679b0bad237fb5fabe1a0c54
1611818040,100,100,"3,502",12,aaa51527e6254b04dd1d25004e6da3e6db651e4e
1611818040,100,100,"3,977",44,388b83e4b434a13b679b0bad237fb5fabe1a0c54
1611818040,100,100,"3,793",13,f952e21004726cf7d2b2c5aa400a566e2b2a6aae
1611817980,100,100,"3,779",13,f952e21004726cf7d2b2c5aa400a566e2b2a6aae
1611817980,100,100,"3,931",44,388b83e4b434a13b679b0bad237fb5fabe1a0c54
1611817980,100,100,"3,488",12,aaa51527e6254b04dd1d25004e6da3e6db651e4e
1611817920,100,100,"3,851",44,388b83e4b434a13b679b0bad237fb5fabe1a0c54
1611817920,100,100,"3,681",13,f952e21004726cf7d2b2c5aa400a566e2b2a6aae
1611817920,100,100,"3,419",11,aaa51527e6254b04dd1d25004e6da3e6db651e4e
1611817860,100,100,"3,382",44,388b83e4b434a13b679b0bad237fb5fabe1a0c54
1611817860,100,100,"3,367",11,aaa51527e6254b04dd1d25004e6da3e6db651e4e
1611817860,100,100,"3,634",13,f952e21004726cf7d2b2c5aa400a566e2b2a6aae
1611817800,100,100,"3,766",12,f952e21004726cf7d2b2c5aa400a566e2b2a6aae
1611817800,100,100,"3,507",11,aaa51527e6254b04dd1d25004e6da3e6db651e4e
1611817800,100,100,"3,131",42,388b83e4b434a13b679b0bad237fb5fabe1a0c54
1611817740,100,100,"3,804",12,f952e21004726cf7d2b2c5aa400a566e2b2a6aae
1611817740,100,100,"3,135",43,388b83e4b434a13b679b0bad237fb5fabe1a0c54
1611817740,100,100,"3,525",11,aaa51527e6254b04dd1d25004e6da3e6db651e4e
1611817680,100,100,"3,526",11,aaa51527e6254b04dd1d25004e6da3e6db651e4e
1611817680,100,100,"3,117",43,388b83e4b434a13b679b0bad237fb5fabe1a0c54
1611817680,100,100,"3,792",13,f952e21004726cf7d2b2c5aa400a566e2b2a6aae
1611817620,100,100,"3,703",13,f952e21004726cf7d2b2c5aa400a566e2b2a6aae
1611817620,100,100,"3,469",11,aaa51527e6254b04dd1d25004e6da3e6db651e4e
1611817620,100,100,"3,026",43,388b83e4b434a13b679b0bad237fb5fabe1a0c54
1611817560,100,100,"3,513",11,aaa51527e6254b04dd1d25004e6da3e6db651e4e
1611817560,100,100,"3,789",13,f952e21004726cf7d2b2c5aa400a566e2b2a6aae
1611817560,100,100,"3,112",43,388b83e4b434a13b679b0bad237fb5fabe1a0c54
1611817500,100,100,"3,793",13,f952e21004726cf7d2b2c5aa400a566e2b2a6aae
1611817500,100,100,"3,140",42,388b83e4b434a13b679b0bad237fb5fabe1a0c54
1611817500,100,100,"3,534",11,aaa51527e6254b04dd1d25004e6da3e6db651e4e
1611817440,100,100,"3,542",11,aaa51527e6254b04dd1d25004e6da3e6db651e4e
1611817440,100,100,"3,135",43,388b83e4b434a13b679b0bad237fb5fabe1a0c54
1611817440,100,100,"3,802",12,f952e21004726cf7d2b2c5aa400a566e2b2a6aae
1611817380,100,100,"3,095",43,388b83e4b434a13b679b0bad237fb5fabe1a0c54
1611817380,100,100,"3,509",11,aaa51527e6254b04dd1d25004e6da3e6db651e4e
1611817380,100,100,"3,792",13,f952e21004726cf7d2b2c5aa400a566e2b2a6aae
1611817320,100,100,"3,797",13,f952e21004726cf7d2b2c5aa400a566e2b2a6aae
1611817320,100,100,"3,527",11,aaa51527e6254b04dd1d25004e6da3e6db651e4e
1611817320,100,100,"3,102",43,388b83e4b434a13b679b0bad237fb5fabe1a0c54
1611817260,100,100,"3,380",11,aaa51527e6254b04dd1d25004e6da3e6db651e4e
1611817260,100,100,"3,482",13,f952e21004726cf7d2b2c5aa400a566e2b2a6aae
1611817260,100,100,"2,596",43,388b83e4b434a13b679b0bad237fb5fabe1a0c54
1611817200,100,100,"3,268",12,f952e21004726cf7d2b2c5aa400a566e2b2a6aae
1611817200,100,100,"3,264",11,aaa51527e6254b04dd1d25004e6da3e6db651e4e
1611817200,100,100,"2,174",42,388b83e4b434a13b679b0bad237fb5fabe1a0c54
1611817140,100,100,"3,231",11,aaa51527e6254b04dd1d25004e6da3e6db651e4e
1611817140,100,100,"2,200",41,388b83e4b434a13b679b0bad237fb5fabe1a0c54
1611817140,100,100,"3,199",12,f952e21004726cf7d2b2c5aa400a566e2b2a6aae
1611817080,100,100,"2,074",43,388b83e4b434a13b679b0bad237fb5fabe1a0c54
1611817080,100,100,"2,999",12,f952e21004726cf7d2b2c5aa400a566e2b2a6aae
1611817080,100,100,"2,952",11,aaa51527e6254b04dd1d25004e6da3e6db651e4e
1611817020,100,100,"3,081",13,f952e21004726cf7d2b2c5aa400a566e2b2a6aae
1611817020,100,100,"2,160",42,388b83e4b434a13b679b0bad237fb5fabe1a0c54
1611817020,100,100,"3,085",11,aaa51527e6254b04dd1d25004e6da3e6db651e4e
1611816960,100,100,"2,871",12,f952e21004726cf7d2b2c5aa400a566e2b2a6aae
1611816960,100,100,"2,089",42,388b83e4b434a13b679b0bad237fb5fabe1a0c54
1611816960,100,100,"2,920",11,aaa51527e6254b04dd1d25004e6da3e6db651e4e
1611816900,100,100,"2,224",42,388b83e4b434a13b679b0bad237fb5fabe1a0c54
1611816900,100,100,"3,004",11,aaa51527e6254b04dd1d25004e6da3e6db651e4e
1611816900,100,100,"3,044",13,f952e21004726cf7d2b2c5aa400a566e2b2a6aae
1611816840,100,100,"2,155",41,388b83e4b434a13b679b0bad237fb5fabe1a0c54
1611816840,100,100,"2,844",12,f952e21004726cf7d2b2c5aa400a566e2b2a6aae
1611816840,100,100,"2,850",11,aaa51527e6254b04dd1d25004e6da3e6db651e4e
1611816780,100,100,"2,865",12,f952e21004726cf7d2b2c5aa400a566e2b2a6aae
1611816780,100,100,"2,906",11,aaa51527e6254b04dd1d25004e6da3e6db651e4e
1611816780,100,100,"2,191",41,388b83e4b434a13b679b0bad237fb5fabe1a0c54
1611816720,100,100,"2,813",12,f952e21004726cf7d2b2c5aa400a566e2b2a6aae
1611816720,100,100,"2,822",11,aaa51527e6254b04dd1d25004e6da3e6db651e4e
1611816720,100,100,"2,169",42,388b83e4b434a13b679b0bad237fb5fabe1a0c54
1611816660,100,100,"2,739",12,f952e21004726cf7d2b2c5aa400a566e2b2a6aae
1611816660,100,100,"2,027",41,388b83e4b434a13b679b0bad237fb5fabe1a0c54
1611816660,100,100,"2,736",11,aaa51527e6254b04dd1d25004e6da3e6db651e4e
1611816600,100,100,"1,837",40,388b83e4b434a13b679b0bad237fb5fabe1a0c54
1611816600,100,100,"2,704",12,f952e21004726cf7d2b2c5aa400a566e2b2a6aae
1611816600,100,100,"2,735",10,aaa51527e6254b04dd1d25004e6da3e6db651e4e
1611816540,100,100,"2,685",11,aaa51527e6254b04dd1d25004e6da3e6db651e4e
1611816540,100,100,"1,831",41,388b83e4b434a13b679b0bad237fb5fabe1a0c54
1611816540,100,100,"2,622",12,f952e21004726cf7d2b2c5aa400a566e2b2a6aae
1611816480,100,100,"2,586",12,f952e21004726cf7d2b2c5aa400a566e2b2a6aae
1611816480,100,100,"1,848",40,388b83e4b434a13b679b0bad237fb5fabe1a0c54
1611816480,100,100,"2,555",10,aaa51527e6254b04dd1d25004e6da3e6db651e4e
1611816420,100,100,"2,528",12,f952e21004726cf7d2b2c5aa400a566e2b2a6aae
1611816420,100,100,"1,850",40,388b83e4b434a13b679b0bad237fb5fabe1a0c54
1611816420,100,100,"2,554",10,aaa51527e6254b04dd1d25004e6da3e6db651e4e
1611816360,100,100,"2,549",10,aaa51527e6254b04dd1d25004e6da3e6db651e4e
1611816360,100,100,"2,450",12,f952e21004726cf7d2b2c5aa400a566e2b2a6aae
1611816360,100,100,"1,836",40,388b83e4b434a13b679b0bad237fb5fabe1a0c54
1611816300,100,100,"2,429",12,f952e21004726cf7d2b2c5aa400a566e2b2a6aae
1611816300,100,100,"1,835",40,388b83e4b434a13b679b0bad237fb5fabe1a0c54
1611816300,100,100,"2,396",11,aaa51527e6254b04dd1d25004e6da3e6db651e4e
1611816240,100,100,"2,340",12,f952e21004726cf7d2b2c5aa400a566e2b2a6aae
1611816240,100,100,"2,372",10,aaa51527e6254b04dd1d25004e6da3e6db651e4e
1611816240,100,100,"1,845",40,388b83e4b434a13b679b0bad237fb5fabe1a0c54
1611816180,100,100,"2,290",12,f952e21004726cf7d2b2c5aa400a566e2b2a6aae
1611816180,100,100,"1,854",40,388b83e4b434a13b679b0bad237fb5fabe1a0c54
1611816180,100,100,"2,372",10,aaa51527e6254b04dd1d25004e6da3e6db651e4e
1611816120,100,100,"2,271",11,aaa51527e6254b04dd1d25004e6da3e6db651e4e
1611816120,100,100,"2,249",12,f952e21004726cf7d2b2c5aa400a566e2b2a6aae
1611816120,100,100,"1,852",39,388b83e4b434a13b679b0bad237fb5fabe1a0c54
1611816060,100,100,"2,194",10,aaa51527e6254b04dd1d25004e6da3e6db651e4e
1611816060,100,100,"1,673",39,388b83e4b434a13b679b0bad237fb5fabe1a0c54
1611816060,100,100,"2,174",12,f952e21004726cf7d2b2c5aa400a566e2b2a6aae
1611816000,100,100,"2,084",12,f952e21004726cf7d2b2c5aa400a566e2b2a6aae
1611816000,100,100,"2,117",10,aaa51527e6254b04dd1d25004e6da3e6db651e4e
1611816000,100,100,"1,450",39,388b83e4b434a13b679b0bad237fb5fabe1a0c54
1611815940,100,100,"1,492",38,388b83e4b434a13b679b0bad237fb5fabe1a0c54
1611815940,100,100,"2,185",10,aaa51527e6254b04dd1d25004e6da3e6db651e4e
1611815940,100,100,"2,038",12,f952e21004726cf7d2b2c5aa400a566e2b2a6aae
1611815880,100,100,"2,044",12,f952e21004726cf7d2b2c5aa400a566e2b2a6aae
1611815880,100,100,"1,989",10,aaa51527e6254b04dd1d25004e6da3e6db651e4e
1611815880,100,100,"1,504",38,388b83e4b434a13b679b0bad237fb5fabe1a0c54
1611815820,100,100,"1,997",10,aaa51527e6254b04dd1d25004e6da3e6db651e4e
1611815820,100,100,"1,945",12,f952e21004726cf7d2b2c5aa400a566e2b2a6aae
1611815820,100,100,"1,487",39,388b83e4b434a13b679b0bad237fb5fabe1a0c54
1611815760,100,100,"1,497",39,388b83e4b434a13b679b0bad237fb5fabe1a0c54
1611815760,100,100,"1,894",12,f952e21004726cf7d2b2c5aa400a566e2b2a6aae
1611815760,100,100,"1,988",10,aaa51527e6254b04dd1d25004e6da3e6db651e4e
1611815700,100,100,"1,858",10,aaa51527e6254b04dd1d25004e6da3e6db651e4e
1611815700,100,100,"1,512",38,388b83e4b434a13b679b0bad237fb5fabe1a0c54
1611815700,100,100,"1,862",12,f952e21004726cf7d2b2c5aa400a566e2b2a6aae
1611815640,100,100,"1,501",39,388b83e4b434a13b679b0bad237fb5fabe1a0c54
1611815640,100,100,"1,787",12,f952e21004726cf7d2b2c5aa400a566e2b2a6aae
1611815640,100,100,"1,821",10,aaa51527e6254b04dd1d25004e6da3e6db651e4e
1611815580,100,100,"1,462",38,388b83e4b434a13b679b0bad237fb5fabe1a0c54
1611815580,100,100,"1,785",10,aaa51527e6254b04dd1d25004e6da3e6db651e4e
1611815580,100,100,"1,691",12,f952e21004726cf7d2b2c5aa400a566e2b2a6aae
1611815520,100,100,"1,493",39,388b83e4b434a13b679b0bad237fb5fabe1a0c54
1611815520,100,100,"1,743",11,aaa51527e6254b04dd1d25004e6da3e6db651e4e
1611815520,100,100,"1,691",12,f952e21004726cf7d2b2c5aa400a566e2b2a6aae
1611815460,100,100,"1,605",10,aaa51527e6254b04dd1d25004e6da3e6db651e4e
1611815460,100,100,"1,582",12,f952e21004726cf7d2b2c5aa400a566e2b2a6aae
1611815460,100,100,"1,308",39,388b83e4b434a13b679b0bad237fb5fabe1a0c54
1611815400,100,100,"1,603",12,f952e21004726cf7d2b2c5aa400a566e2b2a6aae
1611815400,100,100,"1,152",38,388b83e4b434a13b679b0bad237fb5fabe1a0c54
1611815400,100,100,"1,671",10,aaa51527e6254b04dd1d25004e6da3e6db651e4e
1611815340,100,100,"1,113",39,388b83e4b434a13b679b0bad237fb5fabe1a0c54
1611815340,100,100,"1,586",10,aaa51527e6254b04dd1d25004e6da3e6db651e4e
1611815340,100,100,"1,477",12,f952e21004726cf7d2b2c5aa400a566e2b2a6aae
1611815280,100,100,"1,131",38,388b83e4b434a13b679b0bad237fb5fabe1a0c54
1611815280,100,100,"1,466",12,f952e21004726cf7d2b2c5aa400a566e2b2a6aae
1611815280,100,100,"1,464",10,aaa51527e6254b04dd1d25004e6da3e6db651e4e
1611815220,100,100,"1,464",10,aaa51527e6254b04dd1d25004e6da3e6db651e4e
1611815220,100,100,"1,132",38,388b83e4b434a13b679b0bad237fb5fabe1a0c54
1611815220,100,100,"1,402",12,f952e21004726cf7d2b2c5aa400a566e2b2a6aae
1611815160,100,100,"1,141",37,388b83e4b434a13b679b0bad237fb5fabe1a0c54
1611815160,100,100,"1,332",12,f952e21004726cf7d2b2c5aa400a566e2b2a6aae
1611815160,100,100,"1,460",10,aaa51527e6254b04dd1d25004e6da3e6db651e4e
1611815100,100,100,"1,299",12,f952e21004726cf7d2b2c5aa400a566e2b2a6aae
1611815100,100,100,"1,134",37,388b83e4b434a13b679b0bad237fb5fabe1a0c54
1611815100,100,100,"1,322",10,aaa51527e6254b04dd1d25004e6da3e6db651e4e
1611815040,100,100,"1,134",38,388b83e4b434a13b679b0bad237fb5fabe1a0c54
1611815040,100,100,"1,220",12,f952e21004726cf7d2b2c5aa400a566e2b2a6aae
1611815040,100,100,"1,264",11,aaa51527e6254b04dd1d25004e6da3e6db651e4e
1611814980,100,100,"1,176",12,f952e21004726cf7d2b2c5aa400a566e2b2a6aae
1611814980,100,100,"1,286",10,aaa51527e6254b04dd1d25004e6da3e6db651e4e
1611814980,100,100,"1,136",37,388b83e4b434a13b679b0bad237fb5fabe1a0c54
1611814920,100,100,"1,134",38,388b83e4b434a13b679b0bad237fb5fabe1a0c54
1611814920,100,100,"1,188",11,aaa51527e6254b04dd1d25004e6da3e6db651e4e
1611814920,100,100,"1,124",12,f952e21004726cf7d2b2c5aa400a566e2b2a6aae
1611814860,100,100,"1,045",12,f952e21004726cf7d2b2c5aa400a566e2b2a6aae
1611814860,100,100,"1,089",11,aaa51527e6254b04dd1d25004e6da3e6db651e4e
1611814860,100,100,944,39,388b83e4b434a13b679b0bad237fb5fabe1a0c54
1611814800,100,100,759,38,388b83e4b434a13b679b0bad237fb5fabe1a0c54
1611814800,100,100,"1,085",10,aaa51527e6254b04dd1d25004e6da3e6db651e4e
1611814800,100,100,"1,019",12,f952e21004726cf7d2b2c5aa400a566e2b2a6aae
1611814740,100,100,937,12,f952e21004726cf7d2b2c5aa400a566e2b2a6aae
1611814740,100,100,"1,073",10,aaa51527e6254b04dd1d25004e6da3e6db651e4e
1611814740,100,100,760,37,388b83e4b434a13b679b0bad237fb5fabe1a0c54
1611814680,100,100,909,10,aaa51527e6254b04dd1d25004e6da3e6db651e4e
1611814680,100,100,766,37,388b83e4b434a13b679b0bad237fb5fabe1a0c54
1611814680,100,100,891,12,f952e21004726cf7d2b2c5aa400a566e2b2a6aae
1611814620,100,100,757,38,388b83e4b434a13b679b0bad237fb5fabe1a0c54
1611814620,100,100,914,10,aaa51527e6254b04dd1d25004e6da3e6db651e4e
1611814620,100,100,843,12,f952e21004726cf7d2b2c5aa400a566e2b2a6aae
1611814560,100,100,761,37,388b83e4b434a13b679b0bad237fb5fabe1a0c54
1611814560,100,100,912,10,aaa51527e6254b04dd1d25004e6da3e6db651e4e
1611814560,100,100,766,12,f952e21004726cf7d2b2c5aa400a566e2b2a6aae
1611814500,100,100,735,12,f952e21004726cf7d2b2c5aa400a566e2b2a6aae
1611814500,100,100,756,37,388b83e4b434a13b679b0bad237fb5fabe1a0c54
1611814500,100,100,757,10,aaa51527e6254b04dd1d25004e6da3e6db651e4e
1611814440,100,100,732,10,aaa51527e6254b04dd1d25004e6da3e6db651e4e
1611814440,100,100,761,37,388b83e4b434a13b679b0bad237fb5fabe1a0c54
1611814440,100,100,655,12,f952e21004726cf7d2b2c5aa400a566e2b2a6aae
1611814380,100,100,756,38,388b83e4b434a13b679b0bad237fb5fabe1a0c54
1611814380,100,100,732,10,aaa51527e6254b04dd1d25004e6da3e6db651e4e
1611814380,100,100,611,12,f952e21004726cf7d2b2c5aa400a566e2b2a6aae
1611814320,100,100,561,12,f952e21004726cf7d2b2c5aa400a566e2b2a6aae
1611814320,100,100,754,38,388b83e4b434a13b679b0bad237fb5fabe1a0c54
1611814320,100,100,632,11,aaa51527e6254b04dd1d25004e6da3e6db651e4e
1611814260,100,100,570,38,388b83e4b434a13b679b0bad237fb5fabe1a0c54
1611814260,100,100,538,11,aaa51527e6254b04dd1d25004e6da3e6db651e4e
1611814260,100,100,484,13,f952e21004726cf7d2b2c5aa400a566e2b2a6aae
1611814200,100,100,380,38,388b83e4b434a13b679b0bad237fb5fabe1a0c54
1611814200,100,100,450,12,f952e21004726cf7d2b2c5aa400a566e2b2a6aae
1611814200,100,100,552,10,aaa51527e6254b04dd1d25004e6da3e6db651e4e
1611814140,100,100,376,12,f952e21004726cf7d2b2c5aa400a566e2b2a6aae
1611814140,100,100,524,10,aaa51527e6254b04dd1d25004e6da3e6db651e4e
1611814140,100,100,379,37,388b83e4b434a13b679b0bad237fb5fabe1a0c54
1611814080,100,100,378,38,388b83e4b434a13b679b0bad237fb5fabe1a0c54
1611814080,100,100,327,12,f952e21004726cf7d2b2c5aa400a566e2b2a6aae
1611814080,100,100,360,10,aaa51527e6254b04dd1d25004e6da3e6db651e4e
1611814020,100,100,282,12,f952e21004726cf7d2b2c5aa400a566e2b2a6aae
1611814020,100,100,380,38,388b83e4b434a13b679b0bad237fb5fabe1a0c54
1611814020,100,100,361,10,aaa51527e6254b04dd1d25004e6da3e6db651e4e
1611813960,100,100,382,38,388b83e4b434a13b679b0bad237fb5fabe1a0c54
1611813960,100,100,366,10,aaa51527e6254b04dd1d25004e6da3e6db651e4e
1611813960,100,100,201,12,f952e21004726cf7d2b2c5aa400a566e2b2a6aae
1611813900,100,100,380,37,388b83e4b434a13b679b0bad237fb5fabe1a0c54
1611813900,100,100,212,10,aaa51527e6254b04dd1d25004e6da3e6db651e4e
1611813900,100,100,172,12,f952e21004726cf7d2b2c5aa400a566e2b2a6aae
1611813840,100,100,378,38,388b83e4b434a13b679b0bad237fb5fabe1a0c54
1611813840,100,100,92,12,f952e21004726cf7d2b2c5aa400a566e2b2a6aae
1611813840,100,100,183,11,aaa51527e6254b04dd1d25004e6da3e6db651e4e
1611813780,100,100,380,38,388b83e4b434a13b679b0bad237fb5fabe1a0c54
1611813780,100,100,48,12,f952e21004726cf7d2b2c5aa400a566e2b2a6aae
1611813780,100,100,184,10,aaa51527e6254b04dd1d25004e6da3e6db651e4e
1611813720,100,100,376,38,388b83e4b434a13b679b0bad237fb5fabe1a0c54
1611813720,100,100,88,10,aaa51527e6254b04dd1d25004e6da3e6db651e4e
1611813660,100,100,188,38,388b83e4b434a13b679b0bad237fb5fabe1a0c54
1611806340,100,100,"5,934",15,f952e21004726cf7d2b2c5aa400a566e2b2a6aae
1611806340,100,100,"6,617",13,aaa51527e6254b04dd1d25004e6da3e6db651e4e
1611806340,100,100,"3,610",51,388b83e4b434a13b679b0bad237fb5fabe1a0c54
1611806280,100,100,"6,715",12,aaa51527e6254b04dd1d25004e6da3e6db651e4e
1611806280,100,100,"3,576",52,388b83e4b434a13b679b0bad237fb5fabe1a0c54
1611806280,100,100,"5,965",15,f952e21004726cf7d2b2c5aa400a566e2b2a6aae
1611806220,100,100,"6,376",12,aaa51527e6254b04dd1d25004e6da3e6db651e4e
1611806220,100,100,"5,724",14,f952e21004726cf7d2b2c5aa400a566e2b2a6aae
1611806220,99,99,"3,433",52,388b83e4b434a13b679b0bad237fb5fabe1a0c54
1611806160,100,100,"6,429",13,aaa51527e6254b04dd1d25004e6da3e6db651e4e
1611806160,100,100,"3,469",51,388b83e4b434a13b679b0bad237fb5fabe1a0c54
1611806160,100,100,"5,710",15,f952e21004726cf7d2b2c5aa400a566e2b2a6aae
1611806100,100,100,"6,633",12,aaa51527e6254b04dd1d25004e6da3e6db651e4e
1611806100,100,100,"5,959",14,f952e21004726cf7d2b2c5aa400a566e2b2a6aae
1611806100,100,100,"3,592",51,388b83e4b434a13b679b0bad237fb5fabe1a0c54
1611806040,99,99,"3,585",52,388b83e4b434a13b679b0bad237fb5fabe1a0c54
1611806040,100,100,"6,727",12,aaa51527e6254b04dd1d25004e6da3e6db651e4e
1611806040,100,100,"5,946",15,f952e21004726cf7d2b2c5aa400a566e2b2a6aae
1611805980,100,100,"5,995",14,f952e21004726cf7d2b2c5aa400a566e2b2a6aae
1611805980,100,100,"6,743",12,aaa51527e6254b04dd1d25004e6da3e6db651e4e
1611805980,100,100,"3,624",51,388b83e4b434a13b679b0bad237fb5fabe1a0c54
1611805920,100,100,"5,935",14,f952e21004726cf7d2b2c5aa400a566e2b2a6aae
1611805920,100,100,"3,582",51,388b83e4b434a13b679b0bad237fb5fabe1a0c54
1611805920,100,100,"6,735",12,aaa51527e6254b04dd1d25004e6da3e6db651e4e
1611805860,100,100,"6,266",12,aaa51527e6254b04dd1d25004e6da3e6db651e4e
1611805860,100,100,"5,953",14,f952e21004726cf7d2b2c5aa400a566e2b2a6aae
1611805860,100,100,"3,608",50,388b83e4b434a13b679b0bad237fb5fabe1a0c54
1611805800,100,100,"3,706",49,388b83e4b434a13b679b0bad237fb5fabe1a0c54
1611805800,100,100,"5,088",12,aaa51527e6254b04dd1d25004e6da3e6db651e4e
1611805800,100,100,"6,085",14,f952e21004726cf7d2b2c5aa400a566e2b2a6aae
1611805740,100,100,"4,913",12,aaa51527e6254b04dd1d25004e6da3e6db651e4e
1611805740,100,100,"5,997",14,f952e21004726cf7d2b2c5aa400a566e2b2a6aae
1611805740,100,100,"3,676",49,388b83e4b434a13b679b0bad237fb5fabe1a0c54
1611805680,100,100,"5,771",14,f952e21004726cf7d2b2c5aa400a566e2b2a6aae
1611805680,100,100,"3,538",49,388b83e4b434a13b679b0bad237fb5fabe1a0c54
1611805680,100,100,"4,838",12,aaa51527e6254b04dd1d25004e6da3e6db651e4e
1611805620,100,100,"3,681",49,388b83e4b434a13b679b0bad237fb5fabe1a0c54
1611805620,100,100,"4,968",12,aaa51527e6254b04dd1d25004e6da3e6db651e4e
1611805620,100,100,"6,038",14,f952e21004726cf7d2b2c5aa400a566e2b2a6aae
1611805560,100,100,"5,778",14,f952e21004726cf7d2b2c5aa400a566e2b2a6aae
1611805560,100,100,"3,523",50,388b83e4b434a13b679b0bad237fb5fabe1a0c54
1611805560,100,100,"4,782",12,aaa51527e6254b04dd1d25004e6da3e6db651e4e
1611805500,100,100,"6,085",14,f952e21004726cf7d2b2c5aa400a566e2b2a6aae
1611805500,100,100,"3,712",49,388b83e4b434a13b679b0bad237fb5fabe1a0c54
1611805500,100,100,"5,049",12,aaa51527e6254b04dd1d25004e6da3e6db651e4e
1611805440,100,100,"6,000",14,f952e21004726cf7d2b2c5aa400a566e2b2a6aae
1611805440,100,100,"3,687",49,388b83e4b434a13b679b0bad237fb5fabe1a0c54
1611805440,100,100,"4,962",12,aaa51527e6254b04dd1d25004e6da3e6db651e4e
1611805380,100,100,"4,974",12,aaa51527e6254b04dd1d25004e6da3e6db651e4e
1611805380,100,100,"3,690",49,388b83e4b434a13b679b0bad237fb5fabe1a0c54
1611805380,100,100,"6,080",14,f952e21004726cf7d2b2c5aa400a566e2b2a6aae
1611805320,100,100,"6,117",14,f952e21004726cf7d2b2c5aa400a566e2b2a6aae
1611805320,100,100,"5,075",12,aaa51527e6254b04dd1d25004e6da3e6db651e4e
1611805320,100,100,"3,710",49,388b83e4b434a13b679b0bad237fb5fabe1a0c54
1611805260,100,100,"4,997",12,aaa51527e6254b04dd1d25004e6da3e6db651e4e
1611805260,100,100,"5,712",14,f952e21004726cf7d2b2c5aa400a566e2b2a6aae
1611805260,100,100,"3,694",49,388b83e4b434a13b679b0bad237fb5fabe1a0c54
1611805200,100,100,"5,158",12,aaa51527e6254b04dd1d25004e6da3e6db651e4e
1611805200,100,100,"3,781",47,388b83e4b434a13b679b0bad237fb5fabe1a0c54
1611805200,100,100,"4,753",14,f952e21004726cf7d2b2c5aa400a566e2b2a6aae
1611805140,100,100,"4,845",12,aaa51527e6254b04dd1d25004e6da3e6db651e4e
1611805140,100,100,"4,566",14,f952e21004726cf7d2b2c5aa400a566e2b2a6aae
1611805140,100,100,"3,643",47,388b83e4b434a13b679b0bad237fb5fabe1a0c54
1611805080,100,100,"3,716",48,388b83e4b434a13b679b0bad237fb5fabe1a0c54
1611805080,100,100,"4,700",14,f952e21004726cf7d2b2c5aa400a566e2b2a6aae
1611805080,100,100,"5,040",12,aaa51527e6254b04dd1d25004e6da3e6db651e4e
1611805020,100,100,"5,060",12,aaa51527e6254b04dd1d25004e6da3e6db651e4e
1611805020,100,100,"4,732",14,f952e21004726cf7d2b2c5aa400a566e2b2a6aae
1611805020,100,100,"3,781",47,388b83e4b434a13b679b0bad237fb5fabe1a0c54
1611804960,100,100,"4,691",14,f952e21004726cf7d2b2c5aa400a566e2b2a6aae
1611804960,100,100,"3,734",48,388b83e4b434a13b679b0bad237fb5fabe1a0c54
1611804960,100,100,"5,020",12,aaa51527e6254b04dd1d25004e6da3e6db651e4e
1611804900,100,100,"4,939",12,aaa51527e6254b04dd1d25004e6da3e6db651e4e
1611804900,100,100,"4,584",14,f952e21004726cf7d2b2c5aa400a566e2b2a6aae
1611804900,100,100,"3,657",48,388b83e4b434a13b679b0bad237fb5fabe1a0c54
1611804840,100,100,"5,097",12,aaa51527e6254b04dd1d25004e6da3e6db651e4e
1611804840,100,100,"3,764",48,388b83e4b434a13b679b0bad237fb5fabe1a0c54
1611804840,100,100,"4,725",14,f952e21004726cf7d2b2c5aa400a566e2b2a6aae
1611804780,100,100,"4,745",14,f952e21004726cf7d2b2c5aa400a566e2b2a6aae
1611804780,100,100,"5,086",12,aaa51527e6254b04dd1d25004e6da3e6db651e4e
1611804780,100,100,"3,778",47,388b83e4b434a13b679b0bad237fb5fabe1a0c54
1611804720,100,100,"4,767",14,f952e21004726cf7d2b2c5aa400a566e2b2a6aae
1611804720,100,100,"3,790",47,388b83e4b434a13b679b0bad237fb5fabe1a0c54
1611804720,100,100,"5,095",12,aaa51527e6254b04dd1d25004e6da3e6db651e4e
1611804660,100,100,"5,134",12,aaa51527e6254b04dd1d25004e6da3e6db651e4e
1611804660,100,100,"4,732",14,f952e21004726cf7d2b2c5aa400a566e2b2a6aae
1611804660,100,100,"3,570",47,388b83e4b434a13b679b0bad237fb5fabe1a0c54
1611804600,100,100,"4,845",13,f952e21004726cf7d2b2c5aa400a566e2b2a6aae
1611804600,100,100,"3,031",44,388b83e4b434a13b679b0bad237fb5fabe1a0c54
1611804600,100,100,"5,276",11,aaa51527e6254b04dd1d25004e6da3e6db651e4e
1611804540,100,100,"4,981",12,aaa51527e6254b04dd1d25004e6da3e6db651e4e
1611804540,100,100,"4,629",13,f952e21004726cf7d2b2c5aa400a566e2b2a6aae
1611804540,100,100,"2,901",45,388b83e4b434a13b679b0bad237fb5fabe1a0c54
1611804480,100,100,"5,152",11,aaa51527e6254b04dd1d25004e6da3e6db651e4e
1611804480,100,100,"4,749",13,f952e21004726cf7d2b2c5aa400a566e2b2a6aae
1611804480,100,100,"2,958",45,388b83e4b434a13b679b0bad237fb5fabe1a0c54
1611804420,100,100,"3,032",45,388b83e4b434a13b679b0bad237fb5fabe1a0c54
1611804420,100,100,"4,845",13,f952e21004726cf7d2b2c5aa400a566e2b2a6aae
1611804420,100,100,"5,312",11,aaa51527e6254b04dd1d25004e6da3e6db651e4e
1611804360,100,100,"4,793",13,f952e21004726cf7d2b2c5aa400a566e2b2a6aae
1611804360,100,100,"3,007",45,388b83e4b434a13b679b0bad237fb5fabe1a0c54
1611804360,100,100,"5,250",11,aaa51527e6254b04dd1d25004e6da3e6db651e4e
1611804300,100,100,"5,191",11,aaa51527e6254b04dd1d25004e6da3e6db651e4e
1611804300,100,100,"4,791",13,f952e21004726cf7d2b2c5aa400a566e2b2a6aae
1611804300,100,100,"3,009",45,388b83e4b434a13b679b0bad237fb5fabe1a0c54
1611804240,100,100,"4,826",13,f952e21004726cf7d2b2c5aa400a566e2b2a6aae
1611804240,100,100,"5,283",11,aaa51527e6254b04dd1d25004e6da3e6db651e4e
1611804240,100,100,"3,014",45,388b83e4b434a13b679b0bad237fb5fabe1a0c54
1611804180,100,100,"2,874",45,388b83e4b434a13b679b0bad237fb5fabe1a0c54
1611804180,100,100,"4,617",13,f952e21004726cf7d2b2c5aa400a566e2b2a6aae
1611804180,100,100,"5,015",11,aaa51527e6254b04dd1d25004e6da3e6db651e4e
1611804120,100,100,"5,135",11,aaa51527e6254b04dd1d25004e6da3e6db651e4e
1611804120,100,100,"2,995",45,388b83e4b434a13b679b0bad237fb5fabe1a0c54
1611804120,100,100,"4,750",13,f952e21004726cf7d2b2c5aa400a566e2b2a6aae
1611804060,100,100,"4,430",13,f952e21004726cf7d2b2c5aa400a566e2b2a6aae
1611804060,100,100,"2,814",43,388b83e4b434a13b679b0bad237fb5fabe1a0c54
1611804060,100,100,"4,714",11,aaa51527e6254b04dd1d25004e6da3e6db651e4e
1611804000,100,100,"3,270",12,f952e21004726cf7d2b2c5aa400a566e2b2a6aae
1611804000,100,100,"3,272",11,aaa51527e6254b04dd1d25004e6da3e6db651e4e
1611804000,100,100,"2,206",40,388b83e4b434a13b679b0bad237fb5fabe1a0c54
1611803940,100,100,"3,203",12,f952e21004726cf7d2b2c5aa400a566e2b2a6aae
1611803940,100,100,"3,277",10,aaa51527e6254b04dd1d25004e6da3e6db651e4e
1611803940,100,100,"2,219",40,388b83e4b434a13b679b0bad237fb5fabe1a0c54
1611803880,100,100,"2,204",41,388b83e4b434a13b679b0bad237fb5fabe1a0c54
1611803880,100,100,"3,120",10,aaa51527e6254b04dd1d25004e6da3e6db651e4e
1611803880,100,100,"3,182",12,f952e21004726cf7d2b2c5aa400a566e2b2a6aae
1611803820,100,100,"3,043",10,aaa51527e6254b04dd1d25004e6da3e6db651e4e
1611803820,100,100,"3,036",12,f952e21004726cf7d2b2c5aa400a566e2b2a6aae
1611803820,100,100,"2,179",40,388b83e4b434a13b679b0bad237fb5fabe1a0c54
1611803760,100,100,"2,146",41,388b83e4b434a13b679b0bad237fb5fabe1a0c54
1611803760,100,100,"3,005",11,aaa51527e6254b04dd1d25004e6da3e6db651e4e
1611803760,100,100,"2,976",12,f952e21004726cf7d2b2c5aa400a566e2b2a6aae
1611803700,100,100,"2,193",40,388b83e4b434a13b679b0bad237fb5fabe1a0c54
1611803700,100,100,"3,005",12,f952e21004726cf7d2b2c5aa400a566e2b2a6aae
1611803700,100,100,"3,023",11,aaa51527e6254b04dd1d25004e6da3e6db651e4e
1611803640,100,100,"2,920",12,f952e21004726cf7d2b2c5aa400a566e2b2a6aae
1611803640,100,100,"2,205",40,388b83e4b434a13b679b0bad237fb5fabe1a0c54
1611803640,100,100,"2,908",10,aaa51527e6254b04dd1d25004e6da3e6db651e4e
1611803580,100,100,"2,222",40,388b83e4b434a13b679b0bad237fb5fabe1a0c54
1611803580,100,100,"2,902",12,f952e21004726cf7d2b2c5aa400a566e2b2a6aae
1611803580,100,100,"2,911",10,aaa51527e6254b04dd1d25004e6da3e6db651e4e
1611803520,100,100,"2,805",12,f952e21004726cf7d2b2c5aa400a566e2b2a6aae
1611803520,100,100,"2,184",41,388b83e4b434a13b679b0bad237fb5fabe1a0c54
1611803520,100,100,"2,887",10,aaa51527e6254b04dd1d25004e6da3e6db651e4e
1611803460,100,100,"2,156",39,388b83e4b434a13b679b0bad237fb5fabe1a0c54
1611803460,100,100,"2,696",11,aaa51527e6254b04dd1d25004e6da3e6db651e4e
1611803460,100,100,"2,755",12,f952e21004726cf7d2b2c5aa400a566e2b2a6aae
1611803400,100,100,"2,715",12,f952e21004726cf7d2b2c5aa400a566e2b2a6aae
1611803400,100,100,"2,720",10,aaa51527e6254b04dd1d25004e6da3e6db651e4e
1611803400,100,100,"1,830",39,388b83e4b434a13b679b0bad237fb5fabe1a0c54
1611803340,100,100,"1,846",39,388b83e4b434a13b679b0bad237fb5fabe1a0c54
1611803340,100,100,"2,636",12,f952e21004726cf7d2b2c5aa400a566e2b2a6aae
1611803340,100,100,"2,726",10,aaa51527e6254b04dd1d25004e6da3e6db651e4e
1611803280,100,100,"2,608",12,f952e21004726cf7d2b2c5aa400a566e2b2a6aae
1611803280,100,100,"1,847",39,388b83e4b434a13b679b0bad237fb5fabe1a0c54
1611803280,100,100,"2,588",10,aaa51527e6254b04dd1d25004e6da3e6db651e4e
1611803220,100,100,"2,534",12,f952e21004726cf7d2b2c5aa400a566e2b2a6aae
1611803220,100,100,"2,519",10,aaa51527e6254b04dd1d25004e6da3e6db651e4e
1611803220,100,100,"1,845",39,388b83e4b434a13b679b0bad237fb5fabe1a0c54
1611803160,100,100,"1,855",39,388b83e4b434a13b679b0bad237fb5fabe1a0c54
1611803160,100,100,"2,481",12,f952e21004726cf7d2b2c5aa400a566e2b2a6aae
1611803160,100,100,"2,558",10,aaa51527e6254b04dd1d25004e6da3e6db651e4e
1611803100,100,100,"1,804",38,388b83e4b434a13b679b0bad237fb5fabe1a0c54
1611803100,100,100,"2,390",10,aaa51527e6254b04dd1d25004e6da3e6db651e4e
1611803100,100,100,"2,358",12,f952e21004726cf7d2b2c5aa400a566e2b2a6aae
1611803040,100,100,"2,357",12,f952e21004726cf7d2b2c5aa400a566e2b2a6aae
1611803040,100,100,"1,850",39,388b83e4b434a13b679b0bad237fb5fabe1a0c54
1611803040,100,100,"2,365",10,aaa51527e6254b04dd1d25004e6da3e6db651e4e
1611802980,100,100,"1,844",39,388b83e4b434a13b679b0bad237fb5fabe1a0c54
1611802980,100,100,"2,305",12,f952e21004726cf7d2b2c5aa400a566e2b2a6aae
1611802980,100,100,"2,339",10,aaa51527e6254b04dd1d25004e6da3e6db651e4e
1611802920,100,100,"1,860",38,388b83e4b434a13b679b0bad237fb5fabe1a0c54
1611802920,100,100,"2,254",12,f952e21004726cf7d2b2c5aa400a566e2b2a6aae
1611802920,100,100,"2,353",10,aaa51527e6254b04dd1d25004e6da3e6db651e4e
1611802860,100,100,"1,789",40,388b83e4b434a13b679b0bad237fb5fabe1a0c54
1611802860,100,100,"2,198",12,f952e21004726cf7d2b2c5aa400a566e2b2a6aae
1611802860,100,100,"2,176",11,aaa51527e6254b04dd1d25004e6da3e6db651e4e
1611802800,100,100,"1,480",38,388b83e4b434a13b679b0bad237fb5fabe1a0c54
1611802800,100,100,"2,142",12,f952e21004726cf7d2b2c5aa400a566e2b2a6aae
1611802800,100,100,"2,173",11,aaa51527e6254b04dd1d25004e6da3e6db651e4e
1611802740,100,100,"2,188",10,aaa51527e6254b04dd1d25004e6da3e6db651e4e
1611802740,100,100,"2,078",12,f952e21004726cf7d2b2c5aa400a566e2b2a6aae
1611802740,100,100,"1,499",38,388b83e4b434a13b679b0bad237fb5fabe1a0c54
1611802680,100,100,"1,984",12,f952e21004726cf7d2b2c5aa400a566e2b2a6aae
1611802680,100,100,"1,954",10,aaa51527e6254b04dd1d25004e6da3e6db651e4e
1611802680,100,100,"1,455",37,388b83e4b434a13b679b0bad237fb5fabe1a0c54
1611802620,100,100,"1,951",12,f952e21004726cf7d2b2c5aa400a566e2b2a6aae
1611802620,100,100,"1,500",37,388b83e4b434a13b679b0bad237fb5fabe1a0c54
1611802620,100,100,"1,992",10,aaa51527e6254b04dd1d25004e6da3e6db651e4e
1611802560,100,100,"1,520",36,388b83e4b434a13b679b0bad237fb5fabe1a0c54
1611802560,100,100,"1,931",12,f952e21004726cf7d2b2c5aa400a566e2b2a6aae
1611802560,100,100,"2,003",10,aaa51527e6254b04dd1d25004e6da3e6db651e4e
1611802500,100,100,"1,511",37,388b83e4b434a13b679b0bad237fb5fabe1a0c54
1611802500,100,100,"1,879",12,f952e21004726cf7d2b2c5aa400a566e2b2a6aae
1611802500,100,100,"1,926",10,aaa51527e6254b04dd1d25004e6da3e6db651e4e
1611802440,100,100,"1,820",10,aaa51527e6254b04dd1d25004e6da3e6db651e4e
1611802440,100,100,"1,802",12,f952e21004726cf7d2b2c5aa400a566e2b2a6aae
1611802440,100,100,"1,521",36,388b83e4b434a13b679b0bad237fb5fabe1a0c54
1611802380,100,100,"1,772",12,f952e21004726cf7d2b2c5aa400a566e2b2a6aae
1611802380,100,100,"1,510",36,388b83e4b434a13b679b0bad237fb5fabe1a0c54
1611802380,100,100,"1,823",10,aaa51527e6254b04dd1d25004e6da3e6db651e4e
1611802320,100,100,"1,686",12,f952e21004726cf7d2b2c5aa400a566e2b2a6aae
1611802320,100,100,"1,804",10,aaa51527e6254b04dd1d25004e6da3e6db651e4e
1611802320,100,100,"1,509",35,388b83e4b434a13b679b0bad237fb5fabe1a0c54
1611802260,100,100,"1,629",10,aaa51527e6254b04dd1d25004e6da3e6db651e4e
1611802260,100,100,"1,458",35,388b83e4b434a13b679b0bad237fb5fabe1a0c54
1611802260,100,100,"1,635",12,f952e21004726cf7d2b2c5aa400a566e2b2a6aae
1611802200,100,100,"1,628",10,aaa51527e6254b04dd1d25004e6da3e6db651e4e
1611802200,100,100,"1,128",35,388b83e4b434a13b679b0bad237fb5fabe1a0c54
1611802200,100,100,"1,587",12,f952e21004726cf7d2b2c5aa400a566e2b2a6aae
1611802140,100,100,"1,515",12,f952e21004726cf7d2b2c5aa400a566e2b2a6aae
1611802140,100,100,"1,128",34,388b83e4b434a13b679b0bad237fb5fabe1a0c54
1611802140,100,100,"1,631",10,aaa51527e6254b04dd1d25004e6da3e6db651e4e
1611802080,100,100,"1,139",34,388b83e4b434a13b679b0bad237fb5fabe1a0c54
1611802080,100,100,"1,482",10,aaa51527e6254b04dd1d25004e6da3e6db651e4e
1611802080,100,100,"1,484",12,f952e21004726cf7d2b2c5aa400a566e2b2a6aae
1611802020,100,100,"1,402",12,f952e21004726cf7d2b2c5aa400a566e2b2a6aae
1611802020,100,100,"1,443",10,aaa51527e6254b04dd1d25004e6da3e6db651e4e
1611802020,100,100,"1,129",34,388b83e4b434a13b679b0bad237fb5fabe1a0c54
1611801960,100,100,"1,364",12,f952e21004726cf7d2b2c5aa400a566e2b2a6aae
1611801960,100,100,"1,126",34,388b83e4b434a13b679b0bad237fb5fabe1a0c54
1611801960,100,100,"1,452",10,aaa51527e6254b04dd1d25004e6da3e6db651e4e
1611801900,100,100,"1,348",11,aaa51527e6254b04dd1d25004e6da3e6db651e4e
1611801900,100,100,"1,282",12,f952e21004726cf7d2b2c5aa400a566e2b2a6aae
1611801900,100,100,"1,113",35,388b83e4b434a13b679b0bad237fb5fabe1a0c54
1611801840,100,100,"1,223",12,f952e21004726cf7d2b2c5aa400a566e2b2a6aae
1611801840,100,100,"1,126",35,388b83e4b434a13b679b0bad237fb5fabe1a0c54
1611801840,100,100,"1,259",10,aaa51527e6254b04dd1d25004e6da3e6db651e4e
1611801780,100,100,"1,138",35,388b83e4b434a13b679b0bad237fb5fabe1a0c54
1611801780,100,100,"1,275",10,aaa51527e6254b04dd1d25004e6da3e6db651e4e
1611801780,100,100,"1,207",12,f952e21004726cf7d2b2c5aa400a566e2b2a6aae
1611801720,100,100,"1,124",12,f952e21004726cf7d2b2c5aa400a566e2b2a6aae
1611801720,100,100,"1,248",10,aaa51527e6254b04dd1d25004e6da3e6db651e4e
1611801720,100,100,"1,139",34,388b83e4b434a13b679b0bad237fb5fabe1a0c54
1611801660,100,100,"1,082",12,f952e21004726cf7d2b2c5aa400a566e2b2a6aae
1611801660,100,100,"1,089",10,aaa51527e6254b04dd1d25004e6da3e6db651e4e
1611801660,100,100,"1,094",34,388b83e4b434a13b679b0bad237fb5fabe1a0c54
1611801600,100,100,"1,094",10,aaa51527e6254b04dd1d25004e6da3e6db651e4e
1611801600,100,100,"1,033",12,f952e21004726cf7d2b2c5aa400a566e2b2a6aae
1611801600,100,100,760,34,388b83e4b434a13b679b0bad237fb5fabe1a0c54
1611801540,100,100,"1,090",10,aaa51527e6254b04dd1d25004e6da3e6db651e4e
1611801540,100,100,953,12,f952e21004726cf7d2b2c5aa400a566e2b2a6aae
1611801540,100,100,759,34,388b83e4b434a13b679b0bad237fb5fabe1a0c54
1611801480,100,100,760,34,388b83e4b434a13b679b0bad237fb5fabe1a0c54
1611801480,100,100,925,12,f952e21004726cf7d2b2c5aa400a566e2b2a6aae
1611801480,100,100,946,10,aaa51527e6254b04dd1d25004e6da3e6db651e4e
1611801420,100,100,761,34,388b83e4b434a13b679b0bad237fb5fabe1a0c54
1611801420,100,100,840,12,f952e21004726cf7d2b2c5aa400a566e2b2a6aae
1611801420,100,100,907,11,aaa51527e6254b04dd1d25004e6da3e6db651e4e
1611801360,100,100,913,10,aaa51527e6254b04dd1d25004e6da3e6db651e4e
1611801360,100,100,763,33,388b83e4b434a13b679b0bad237fb5fabe1a0c54
1611801360,100,100,801,12,f952e21004726cf7d2b2c5aa400a566e2b2a6aae
1611801300,100,100,765,33,388b83e4b434a13b679b0bad237fb5fabe1a0c54
1611801300,100,100,746,12,f952e21004726cf7d2b2c5aa400a566e2b2a6aae
1611801300,100,100,823,10,aaa51527e6254b04dd1d25004e6da3e6db651e4e
1611801240,100,100,671,13,f952e21004726cf7d2b2c5aa400a566e2b2a6aae
1611801240,100,100,758,34,388b83e4b434a13b679b0bad237fb5fabe1a0c54
1611801240,100,100,722,11,aaa51527e6254b04dd1d25004e6da3e6db651e4e
1611801180,100,100,728,11,aaa51527e6254b04dd1d25004e6da3e6db651e4e
1611801180,100,100,763,33,388b83e4b434a13b679b0bad237fb5fabe1a0c54
1611801180,100,100,641,13,f952e21004726cf7d2b2c5aa400a566e2b2a6aae
1611801120,100,100,763,33,388b83e4b434a13b679b0bad237fb5fabe1a0c54
1611801120,100,100,698,11,aaa51527e6254b04dd1d25004e6da3e6db651e4e
1611801120,100,100,563,13,f952e21004726cf7d2b2c5aa400a566e2b2a6aae
1611801060,100,100,702,33,388b83e4b434a13b679b0bad237fb5fabe1a0c54
1611801060,100,100,544,11,aaa51527e6254b04dd1d25004e6da3e6db651e4e
1611801060,100,100,515,13,f952e21004726cf7d2b2c5aa400a566e2b2a6aae
1611801000,100,100,468,13,f952e21004726cf7d2b2c5aa400a566e2b2a6aae
1611801000,100,100,544,11,aaa51527e6254b04dd1d25004e6da3e6db651e4e
1611801000,100,100,382,33,388b83e4b434a13b679b0bad237fb5fabe1a0c54
1611800940,100,100,547,11,aaa51527e6254b04dd1d25004e6da3e6db651e4e
1611800940,100,100,390,13,f952e21004726cf7d2b2c5aa400a566e2b2a6aae
1611800940,100,100,382,33,388b83e4b434a13b679b0bad237fb5fabe1a0c54
1611800880,100,100,350,33,388b83e4b434a13b679b0bad237fb5fabe1a0c54
1611800880,100,100,335,13,f952e21004726cf7d2b2c5aa400a566e2b2a6aae
1611800880,100,100,364,11,aaa51527e6254b04dd1d25004e6da3e6db651e4e
1611800820,100,100,383,32,388b83e4b434a13b679b0bad237fb5fabe1a0c54
1611800820,100,100,282,13,f952e21004726cf7d2b2c5aa400a566e2b2a6aae
1611800820,100,100,361,11,aaa51527e6254b04dd1d25004e6da3e6db651e4e
1611800760,100,100,382,32,388b83e4b434a13b679b0bad237fb5fabe1a0c54
1611800760,100,100,240,13,f952e21004726cf7d2b2c5aa400a566e2b2a6aae
1611800760,100,100,361,11,aaa51527e6254b04dd1d25004e6da3e6db651e4e
1611800700,100,100,188,13,f952e21004726cf7d2b2c5aa400a566e2b2a6aae
1611800700,100,100,285,12,aaa51527e6254b04dd1d25004e6da3e6db651e4e
1611800700,100,100,382,33,388b83e4b434a13b679b0bad237fb5fabe1a0c54
1611800640,100,100,116,14,f952e21004726cf7d2b2c5aa400a566e2b2a6aae
1611800640,100,100,178,12,aaa51527e6254b04dd1d25004e6da3e6db651e4e
1611800640,100,100,382,33,388b83e4b434a13b679b0bad237fb5fabe1a0c54
1611800580,100,100,382,33,388b83e4b434a13b679b0bad237fb5fabe1a0c54
1611800580,100,100,85,15,f952e21004726cf7d2b2c5aa400a566e2b2a6aae
1611800580,100,100,177,13,aaa51527e6254b04dd1d25004e6da3e6db651e4e
1611800520,100,100,160,14,aaa51527e6254b04dd1d25004e6da3e6db651e4e
1611800520,100,100,380,34,388b83e4b434a13b679b0bad237fb5fabe1a0c54
1611800460,100,100,320,38,388b83e4b434a13b679b0bad237fb5fabe1a0c54
